time_s,target_joint_deg,actual_joint_deg,target_counts,actual_counts,error_counts,error_joint_deg,statusword_hex
0.0141492,0,48.2487,0,43917,-43917,-48.2487,0x37
0.0799707,0,48.2487,0,43917,-43917,-48.2487,0x37
0.144992,0,48.2355,0,43905,-43905,-48.2355,0x37
0.208965,0,48.1761,0,43851,-43851,-48.1761,0x37
0.271969,0,48.0916,0,43774,-43774,-48.0916,0x8
